Routes,Route A
,
Row Labels,Sum of Costs
Bangalore,6880.762161
Chennai,3714.280873
Delhi,2694.527965
Kolkata,4440.643308
Mumbai,3145.560188
Grand Total,20875.77449
